id,title,selftext,author,score,num_comments,created_utc,permalink,upvote_ratio,flair
8lo7hb,What actual meditation looks like,,Painismyfriend,9752,279,2018-05-24T01:04:29,https://reddit.com/r/Meditation/comments/8lo7hb/what_actual_meditation_looks_like/,0.96,Image / Video
7yftur,Happiness,,wnbaloll,8115,187,2018-02-18T17:46:19,https://reddit.com/r/Meditation/comments/7yftur/happiness/,0.89,Image / Video
70794e,"Jim Carrey: ‚ÄúStep into the river of tears &amp; the sorrows of your life that you're avoiding with everything from drugs to drink to sex and gadgets and whatever else you can distract yourself with, all of it is designed for you to never stop going and moving and, for god sakes, not feel the abyss.‚Äù",,mad_bad_dangerous,7948,668,2017-09-15T04:10:09,https://reddit.com/r/Meditation/comments/70794e/jim_carrey_step_into_the_river_of_tears_the/,0.89,Sharing/Insight
8thcn0,"I meditated on top of the highest Buddhist monastery. Not much difference from my basement. Don‚Äôt look for an external place, find an internal comfort.",,alicedoesacid,7755,227,2018-06-24T12:57:15,https://reddit.com/r/Meditation/comments/8thcn0/i_meditated_on_top_of_the_highest_buddhist/,0.92,Image / Video
7pjj9t,Ego Traps.,,RedErin,7684,325,2018-01-10T22:57:13,https://reddit.com/r/Meditation/comments/7pjj9t/ego_traps/,0.95,Image / Video
7fng6d,Shower Meditation,,hagenjustyn,7200,146,2017-11-26T15:16:43,https://reddit.com/r/Meditation/comments/7fng6d/shower_meditation/,0.93,Image / Video
ovm3wv,Exclusive Footage of the inside of my mind while I meditate!,,[deleted],7022,158,2021-08-01T06:02:28,https://reddit.com/r/Meditation/comments/ovm3wv/exclusive_footage_of_the_inside_of_my_mind_while/,0.99,Image / Video üé•
8bq0rq,Pausing before you speak can change the direction of your conversation.,,Jellybeansistaken,7012,163,2018-04-12T14:10:51,https://reddit.com/r/Meditation/comments/8bq0rq/pausing_before_you_speak_can_change_the_direction/,0.95,Image / Video
67e7yc,"Jon Bernthal didn't say a single word for two weeks straight, during prep and shooting the movie ""Pilgrimage,"" in which he plays a shamed mute. ""I learned how much time people spend talking and they‚Äôre not really saying anything, they‚Äôre just passing time""",,nilonilo,5771,139,2017-04-25T04:55:27,https://reddit.com/r/Meditation/comments/67e7yc/jon_bernthal_didnt_say_a_single_word_for_two/,0.94,Sharing/Insight
7nl8kr,Something nice for the new year,,SamWise050,5336,30,2018-01-02T08:37:01,https://reddit.com/r/Meditation/comments/7nl8kr/something_nice_for_the_new_year/,0.95,Image / Video
87cplf,this is beautiful,,[deleted],5259,63,2018-03-26T22:05:04,https://reddit.com/r/Meditation/comments/87cplf/this_is_beautiful/,0.94,Image / Video
7hjgjt,Free your mind.,,in_digo11,5083,101,2017-12-04T18:58:44,https://reddit.com/r/Meditation/comments/7hjgjt/free_your_mind/,0.96,Image / Video
8owcq0,I recreated the mental imagery I use to help keep attention on my breath [OC],,warrenlamb,4847,121,2018-06-06T02:01:27,https://reddit.com/r/Meditation/comments/8owcq0/i_recreated_the_mental_imagery_i_use_to_help_keep/,0.96,Image / Video
5h6oah,Whoooaa the individual ego does not exist.,,kindknowledge,4773,179,2016-12-08T12:36:17,https://reddit.com/r/Meditation/comments/5h6oah/whoooaa_the_individual_ego_does_not_exist/,0.91,Image / Video
okk5od,"Basically, yea. That‚Äôs pretty much how I feel.",,Stephani2104,4720,214,2021-07-15T04:11:15,https://reddit.com/r/Meditation/comments/okk5od/basically_yea_thats_pretty_much_how_i_feel/,0.94,Funny/Meme :laugh:
mud8sr,I will share with you the secret trick to stopping inner monologue.,"Hello everyone,

I've been meditating/trying to meditate for over 12 years and could never rein in my turbulent inner monologue. It never stopped for more than a few seconds at most and I even started believing that it was not supposed to. But that would make concentration meditation impossible, and we know that it isn't.

Anyway, here's the information for all of you, with love:

_focusing on peripheral vision stops inner monologue_

Look anywhere, softly. Gently focus on what you see in the corners of your eyes. That's it!

There's no mention of this apart from in one book I found and like, one old study about hypnosis techniques, but focusing on peripheral vision apparently engages the parasympathetic nervous system, calms you down and stops internal monologue.

I hope this helps many people.

Edit: Thanks for the feedback, love reading all the comments. It makes me happy that so many people found use of this! üôè",SamathaTRUTH,4380,370,2021-04-20T00:16:53,https://reddit.com/r/Meditation/comments/mud8sr/i_will_share_with_you_the_secret_trick_to/,0.99,Sharing/Insight
7ryo3f,Finally made it,,nothinginparticular1,4187,188,2018-01-21T16:34:26,https://reddit.com/r/Meditation/comments/7ryo3f/finally_made_it/,0.93,Image / Video
6bl0ar,Breakdown of negative mental states and what to do about it.,,Atyrius,4073,125,2017-05-17T00:19:38,https://reddit.com/r/Meditation/comments/6bl0ar/breakdown_of_negative_mental_states_and_what_to/,0.9,Image / Video
8ctbop,Another perspective‚Ä¶,,Recycle_Shaming,3912,150,2018-04-17T03:46:53,https://reddit.com/r/Meditation/comments/8ctbop/another_perspective/,0.95,
6g0psj,The Emotional Guidance Scale,,hagenjustyn,3752,179,2017-06-08T13:44:39,https://reddit.com/r/Meditation/comments/6g0psj/the_emotional_guidance_scale/,0.9,Image / Video
9xxykm,Something I was told that stuck,,11111111111000,3751,106,2018-11-17T17:03:09,https://reddit.com/r/Meditation/comments/9xxykm/something_i_was_told_that_stuck/,0.97,Image / Video
9fad43,Before + After Meditation,,strippy,3559,100,2018-09-12T19:32:43,https://reddit.com/r/Meditation/comments/9fad43/before_after_meditation/,0.93,Image / Video
i7h6b7,The rise in popularity in mindfulness and meditation is not a coincidence. We live in some of the most unfulfilling and disconnected of times.,"If you live life totally unconcious and ""asleep"", modern 1st world societies are so devoid of deep connections, moments of peace, quiet, slow contemplation, that one easily grows desperate for something they don't even understand they need. I think the epidemic of depression and anxiety in the west is very much a symptom of this.

We live lives of sound bites, tweets, likes, visual and sensoral  overstimulation; for everything else is so dull by comparison. There is such a lack of quiet comtemplative acceptance. Everything is surface level, we have an ocean of experiences to feast on 2mm deep. Everything is done to an extreme, gaudy, loud, excessive. Anything to drown out the quiet whisper in the background ""there is nothing here"". 

We are unconciously drowning in despair and longing for even the smallest bit of peace, quiet, present acceptance of the now. For our own self found meaning, self forged purpose that is free of external dependencies. 

Instead we chase a million unsatisfactory likes, validations, affirmations. Modern society has made drug addicts of all of us, itching and yearning for that next hit. Uncomfortable in our very skin, clawing to get out. Love me, like me, give me hapiness, distract me, titalate me, numb me. Anything to not need.

Every generation of human beings on this planet of course has struggled with presence. But no society in history has been born into such a deluge of sense numbing disconnection from the things that bring real peace. Nature, sun, the rain, a quiet walk at night, the sound of birds, an hour alone, peace, even feeling our negative emotions we numb. Crying can be so cathartic.  We are so scared to feel.",eulersidentity1,3557,120,2020-08-11T01:17:29,https://reddit.com/r/Meditation/comments/i7h6b7/the_rise_in_popularity_in_mindfulness_and/,0.98,Sharing/Insight
8bzv6b,Don't believe everything you think,,GiovanniRz,3559,147,2018-04-13T16:07:30,https://reddit.com/r/Meditation/comments/8bzv6b/dont_believe_everything_you_think/,0.97,Image / Video
l84eus,"A valuable tip I‚Äôve discovered recently: don‚Äôt set a timer to meditate. Set a stopwatch and meditate for as long as you are comfortable with. Record your times daily and see the progress. Doing this, I find myself now wanting to meditate instead of forcing myself to meditate.",,Ksonjac,3548,185,2021-01-29T21:14:01,https://reddit.com/r/Meditation/comments/l84eus/a_valuable_tip_ive_discovered_recently_dont_set_a/,0.99,Sharing/Insight
7l6nw1,"True in drawing, true in meditation (XPOST r/getmotivated)",,4vrf,3541,86,2017-12-21T03:11:10,https://reddit.com/r/Meditation/comments/7l6nw1/true_in_drawing_true_in_meditation_xpost/,0.93,Image / Video
7ijn8o,These Fools Think I'm Meditating,,strippy,3527,154,2017-12-09T01:33:29,https://reddit.com/r/Meditation/comments/7ijn8o/these_fools_think_im_meditating/,0.94,Image / Video
txvikb,"Why are you scrolling? Are you aware of your intentions of being on Reddit right now, or are you on autopilot?","Stop for a moment, close your eyes, concentrate on your body, breath in.... and breath out... Now think, what are your intentions of being here right now?",PerfectWilling,3505,316,2022-04-06T21:32:23,https://reddit.com/r/Meditation/comments/txvikb/why_are_you_scrolling_are_you_aware_of_your/,0.96,Other
6zicsx,"50% of my suffering is in my head and the other 50% is out of my control. 114 days without weed or alcohol, 2 months without meat, 2 weeks without buying cigarettes.","Just here to give some hope to anyone else transforming addiction/suffering with mindfulness and meditation. Anything is possible, perceptions and actions are the stuff of life. Whatever you are going through, a cup of herbal tea can help. Meditate, write out the things that consistently come up, decipher patterns of your life shaped by your experiences and memories, focus on evolution and transformation.

Peace to all sentient beings, in all worlds :)

**edit:** thanks everyone, did not expect this much of a positive response. I'm feeling the need to post more in this sub now. :)

**edit2:** 

I quit all of this together because I take Buddha's teachings seriously, if you want to learn more check out /r/Buddhism. 

Next I want to add yoga, running, and lifting into my lifestyle. I will write a follow-up in late October after my Arizona adventure and ayahuasca retreat in the Andes/Amazon. 

Thanks again for making this the #7 top post of all-time in /r/Meditation :)",mad_bad_dangerous,3236,310,2017-09-11T22:12:11,https://reddit.com/r/Meditation/comments/6zicsx/50_of_my_suffering_is_in_my_head_and_the_other_50/,0.91,Sharing/Insight
86symr,The Goal Of The Meditation (at least... one of them),,InterestingAvocado,3229,62,2018-03-24T13:19:43,https://reddit.com/r/Meditation/comments/86symr/the_goal_of_the_meditation_at_least_one_of_them/,0.96,Image / Video
4zenj7,Possibly a repost but brilliant image :D,,kindknowledge,3224,100,2016-08-24T21:32:45,https://reddit.com/r/Meditation/comments/4zenj7/possibly_a_repost_but_brilliant_image_d/,0.9,Image / Video
kt4ioj,"According to Buddhism, the reason why we suffer so much in life is because we expect everything to last forever. Be willing to let things go because there are great blessings in surrendering and allowing.",,iamchagga,3142,144,2021-01-08T15:21:15,https://reddit.com/r/Meditation/comments/kt4ioj/according_to_buddhism_the_reason_why_we_suffer_so/,0.99,Sharing/Insight
80engg,"Time to ban the posting of how long you have meditated, if it doesn't contain any accompanying experiences, learnings or tips.","Many have shown irritation at the amount of posts that simply show screenshots of members‚Äô time spent in meditation with the help of meditation apps.

The habit or desire of showing one‚Äôs meditation achievements simply through score keeping is sometimes commendable, as it can help encourage members. But mostly it looks like members just want to some karma or praises and good feelings as positive comments flow in.

If someone mentioned this issue a whole back, the ‚Äòholier than thou‚Äô crowd would have shooed him away for not being compassionate enough. But scroll through this subreddit and keep your eyes open for Imgur links to app screenshots, and you will find that it's time to stop being compassionate and up the bar for the kind of sharing or asking that newbies and amateurs should be doing here.   ",GuruDev1000,3120,183,2018-02-26T17:17:46,https://reddit.com/r/Meditation/comments/80engg/time_to_ban_the_posting_of_how_long_you_have/,0.94,Discussion
7lj8z1,An interesting quote I saw today.,,Zenqo,3113,42,2017-12-22T18:25:16,https://reddit.com/r/Meditation/comments/7lj8z1/an_interesting_quote_i_saw_today/,0.95,Image / Video
92s21z,Transcendental image from one of my meditations.,,Joeyhowellart,3039,153,2018-07-29T04:49:31,https://reddit.com/r/Meditation/comments/92s21z/transcendental_image_from_one_of_my_meditations/,0.94,Image / Video
87szkz,Perspective.,,Danielharris_,3009,56,2018-03-28T16:52:00,https://reddit.com/r/Meditation/comments/87szkz/perspective/,0.96,Image / Video
obs52z,My Christian mom left her church after meditating a few times lol,"Not sure if anyone remembers, but I made a post a while ago when my devout Christian parents walked in on me meditating and freaked out, called our pastor, etc...

&amp;#x200B;

well I took your advice and actually found passages in the bible supporting meditation, and after months of convincing, my parents finally agreed to try it. My mom (without my knowledge) continued it daily after the first time, and apparently she had some kind of transcendental experience because about a week ago she sat us down and told us she doesn‚Äôt want to go to church anymore and that ‚Äùit‚Äôs a lie and a just money grab‚Äù lol

&amp;#x200B;

As you can imagine, this was pretty shocking but also hilarious. My dad doesn‚Äôt know what to think but she‚Äôs telling him to keep meditating and he‚Äôll understand",MakeLemonaid-,2987,234,2021-07-01T19:36:18,https://reddit.com/r/Meditation/comments/obs52z/my_christian_mom_left_her_church_after_meditating/,0.95,Sharing/Insight
89qbqn,Practice responding with love üíì,,aylap,2978,108,2018-04-04T16:13:45,https://reddit.com/r/Meditation/comments/89qbqn/practice_responding_with_love/,0.94,Image / Video
7zf9tn,Just gonna leave this here,,SaneNaught,2982,61,2018-02-22T14:32:13,https://reddit.com/r/Meditation/comments/7zf9tn/just_gonna_leave_this_here/,0.93,Image / Video
msuz7e,"Stop and scan your body for tension. Your jaw, shoulders, fingers and toes. Now take a deep breath, let it all go and keep scrolling.",,[deleted],2967,79,2021-04-17T18:26:47,https://reddit.com/r/Meditation/comments/msuz7e/stop_and_scan_your_body_for_tension_your_jaw/,0.99,Sharing/Insight
iz06hq,"You can treat thoughts like strangers on the street, you don't engage with/listen to just anyone. Only listen to people who are kind and helpful. Dont pay attention to rude, negative people.",,angrybuddha20,2931,109,2020-09-24T17:12:48,https://reddit.com/r/Meditation/comments/iz06hq/you_can_treat_thoughts_like_strangers_on_the/,0.99,Sharing/Insight
86fynn,"From suicidal, hospitalized 3 times, to meditative. Thanks Reddit, much love.",,666poopchute666,2899,192,2018-03-22T23:01:54,https://reddit.com/r/Meditation/comments/86fynn/from_suicidal_hospitalized_3_times_to_meditative/,0.93,Image / Video
78ah88,I took this picture 4 years ago today while traveling in Hong Kong. It was my favorite.,,Rygards,2841,59,2017-10-23T21:11:04,https://reddit.com/r/Meditation/comments/78ah88/i_took_this_picture_4_years_ago_today_while/,0.96,Image / Video
76c7tp,Historians Discover Meditation Spread From Ancient China By Annoying Monk Who Wouldn'¬Ä¬ôt Shut Up About How It Changed His Life,,MrPoopCrap,2772,74,2017-10-14T14:54:22,https://reddit.com/r/Meditation/comments/76c7tp/historians_discover_meditation_spread_from/,0.94,Other
kfrl9g,I'm very grateful to have a comfortable bed to sleep in every night and blankets to keep me warm.,"I'm very grateful to have a comfortable bed to sleep in every night and blankets to keep me warm.

Thank you for clean fresh water to drink, cook with, and bathe every day.

Thank you for the abundance of grocery stores that are everywhere and full of all sorts of fresh food and beverages and supplies we need.

Thank you for the abundance of delicious food that I am able to choose from every day.

I'm grateful to have access to medicine if I need it.

Thank you for all the gifted surgeons in the world who perform miracles every day.

Thank you for Harry Jennings and Herbert Everest for using their skills and vision to bring wheelchairs to the masses and greatly improving the quality of life for so many people.

I'm very grateful for organizations like Doctors Without Boarders and for the doctors who volunteer.

Thank you for the wonderful people working with and supporting Habitat for Humanity.

Thank you for all the satellites that help us with telecommunications, weather forecasting, GPS and so many more things.",Radiant-Cash4449,2762,88,2020-12-18T19:15:20,https://reddit.com/r/Meditation/comments/kfrl9g/im_very_grateful_to_have_a_comfortable_bed_to/,0.99,Sharing/Insight
84d7j4,I've been feeling a little lost lately. Taking this quote into my meditation today.,,[deleted],2716,32,2018-03-14T13:03:31,https://reddit.com/r/Meditation/comments/84d7j4/ive_been_feeling_a_little_lost_lately_taking_this/,0.94,Image / Video
h08klf,Anxiety is a result of expectations you have for yourself that you fear you cannot meet. Just a reminder: all you ever have to do is be yourself.,,SameAsYourself,2671,173,2020-06-10T11:57:24,https://reddit.com/r/Meditation/comments/h08klf/anxiety_is_a_result_of_expectations_you_have_for/,0.95,Sharing/Insight
8vv5mx,Good Thoughts for helping with amxiety and stress.,,mytruself,2611,84,2018-07-03T20:38:18,https://reddit.com/r/Meditation/comments/8vv5mx/good_thoughts_for_helping_with_amxiety_and_stress/,0.98,Image / Video
h8hkzu,"‚ÄúI like when it rains. Because even if I didn‚Äôt like it, it would still rain.‚Äù",,ScrunchJeans,2610,116,2020-06-13T23:39:09,https://reddit.com/r/Meditation/comments/h8hkzu/i_like_when_it_rains_because_even_if_i_didnt_like/,0.99,Sharing/Insight
506sm1,My friends list of Zen - thought you'd like it!,,thegingerdude,2607,140,2016-08-29T20:24:32,https://reddit.com/r/Meditation/comments/506sm1/my_friends_list_of_zen_thought_youd_like_it/,0.91,Image / Video
8na0lu,Sit in a comfortable position. Feel the weight of the air around you. Feel the surface of your own skin. Now imagine that a magical eraser is erasing the outline of your being until there is no boundary between you and the rest of the Universe. Om.,,mad_bad_dangerous,2603,80,2018-05-30T17:33:57,https://reddit.com/r/Meditation/comments/8na0lu/sit_in_a_comfortable_position_feel_the_weight_of/,0.96,Image / Video
8pkdu7,Personal trainer.,,guykopsombut,2586,19,2018-06-08T15:37:24,https://reddit.com/r/Meditation/comments/8pkdu7/personal_trainer/,0.94,Image / Video
1xsu1a,Try this.,,2013MHz,2555,141,2014-02-13T13:39:57,https://reddit.com/r/Meditation/comments/1xsu1a/try_this/,0.93,Image / Video
9vcroy,"""I just can't shut all the thoughts up!""",,KayvanKarnak,2550,103,2018-11-08T18:54:51,https://reddit.com/r/Meditation/comments/9vcroy/i_just_cant_shut_all_the_thoughts_up/,0.97,Image / Video
53nvs2,An Elementary School Has Kids Meditate Instead Of Punishing Them and the Results are Profound,,Optimoprimo,2526,149,2016-09-20T16:25:12,https://reddit.com/r/Meditation/comments/53nvs2/an_elementary_school_has_kids_meditate_instead_of/,0.9,Resource
rllu19,Thank you!,,world_citizen7,2503,27,2021-12-21T19:13:45,https://reddit.com/r/Meditation/comments/rllu19/thank_you/,0.99,Image / Video üé•
hl5yxi,"‚ÄúDon‚Äôt meditate to fix yourself, to heal yourself, to improve yourself, to redeem yourself; rather, do it as an act of love, of deep warm friendship to yourself.","In this way there is no longer any need for the subtle aggression of self-improvement, for the endless guilt of not doing enough. It offers the possibility of an end to the ceaseless round of trying so hard that wraps so many people‚Äôs lives in a knot. Instead there is now meditation as an act of love. How endlessly delightful and encouraging.‚Äù

‚Äì Bob Sharples, from Meditation: Calming the Mind

This quote brought so much clarity to my meditation practice. I thought I‚Äôd share with you lovely people.",offthedome7,2490,92,2020-07-04T17:20:32,https://reddit.com/r/Meditation/comments/hl5yxi/dont_meditate_to_fix_yourself_to_heal_yourself_to/,0.98,Sharing/Insight
8mi7vp,Nothing is fixed,,LadyToadette,2472,69,2018-05-27T15:51:56,https://reddit.com/r/Meditation/comments/8mi7vp/nothing_is_fixed/,0.97,Image / Video
awcm8e,"‚ÄúIf you are depressed, you are living in the past. If you are anxious, you are living in the future. If you are at peace, you are living in the present. ‚Äú - Lao Tzu",,dirtmanjenks,2457,168,2019-03-02T02:06:07,https://reddit.com/r/Meditation/comments/awcm8e/if_you_are_depressed_you_are_living_in_the_past/,0.92,Sharing/Insight
8jxm5e,"‚Äúif you are willing to look at another persons behaviour towards you as a reflection of the state of their relationship with themselves rather than a statement about you as a person, then you will, over time, cease to react at all.‚Äù ~ Yogi Bhajan","Hey all, just figured i‚Äôd share why i meditate. this quote is hung on my wall, and it‚Äôs the first thing i see when i wake up. i hope this quote motivates you as it did me. (: ",[deleted],2442,80,2018-05-16T20:10:47,https://reddit.com/r/Meditation/comments/8jxm5e/if_you_are_willing_to_look_at_another_persons/,0.98,Sharing/Insight
7p21xy,Forgot About The Present Moment Again?,,strippy,2421,61,2018-01-08T21:49:51,https://reddit.com/r/Meditation/comments/7p21xy/forgot_about_the_present_moment_again/,0.94,Image / Video
9zrgei,Got this to celebrate my 1000th day of meditation.,,codemule,2417,189,2018-11-23T19:54:07,https://reddit.com/r/Meditation/comments/9zrgei/got_this_to_celebrate_my_1000th_day_of_meditation/,0.9,Image / Video
88qu0n,Advice from a dog,,aylap,2413,18,2018-04-01T14:37:33,https://reddit.com/r/Meditation/comments/88qu0n/advice_from_a_dog/,0.96,Image / Video
1h76yqp,I've been meditating for over 30 years. These are 3 BIG mistakes I've seen people make. ,"There are a lot of ungrounded, floaty, wannabe-holy people out there. Please don't be one of them. 

I started meditating as a way to cope with my unstable upbringing and to quell the very confusing ""psychic"" experiences I was having, where I could seemingly predict what was going to happen before it did. I grew up in a scientific household and didn't believe in ""woo-woo"" spiritual ideas (little did I know!). 

I started with simple guided meditations, and graduated to more specific techniques like Mindfulness, Vipassana, and Transcendental Meditation. In every meditation community I dove into, there was always a strong subset of people who treated the technique like a religion: unquestioning devotion (which is valuable), with complete suspension of critical thinking and skepticism (not as valuable). 

So to start: 

Mistake 1) They treat meditation like a religion.   
  
Here's what's going to happen: You're going to get benefits from meditation, a lot of benefits, and then you're going to erroneously believe that EVERYONE must do what you have done, because it worked for you. 

Everyone has their own path, and it is the correct path because it is THEIR path. Don't develop a dogmatic relationship to the practice. It worked for you because you were ready for it, and it won't work for your friend because that's not what they need at this point of their journey. Support people's path, without projecting your own onto them. 

Mistake 2) They believe they are a saint, spirit, or soul living a physical experience. 

You're very much a human being, with many tens of thousands of years of biological evolution literally in your veins and in every one of your cells. Honor the process, and honor your context and roots. I saw many people wanting to force an ideal of enlightenment onto their physical being. Stop it. Just be, because that's enough, and living is already a cosmic experience (literally, because we're flying among stars). 

This type of ""ungroundedness"" was ever-pr",GhostyDawn,2407,349,2024-12-05T11:22:00,https://reddit.com/r/Meditation/comments/1h76yqp/ive_been_meditating_for_over_30_years_these_are_3/,0.93,Sharing / Insight üí°
k0r9e1,‚ÄòLeave your front door and your back door open. Allow your thoughts to come and go. Just don‚Äôt serve them tea‚Äô,,crazychickenugget,2397,74,2020-11-25T12:25:10,https://reddit.com/r/Meditation/comments/k0r9e1/leave_your_front_door_and_your_back_door_open/,0.99,Sharing/Insight
s2uhss,I‚Äôve just meditated for 365 days in a row. A full year without missing a day. I‚Äôm proud of this,Consistency and discipline is key,macamc1983,2379,238,2022-01-13T08:21:32,https://reddit.com/r/Meditation/comments/s2uhss/ive_just_meditated_for_365_days_in_a_row_a_full/,0.98,Image / Video üé•
8l31te,We are all one.,,Danielharris_,2355,204,2018-05-21T19:23:45,https://reddit.com/r/Meditation/comments/8l31te/we_are_all_one/,0.92,Image / Video
qqczle,"I can‚Äôt meditate without detailed/intricate visuals, so I animated this and thought I‚Äôd share it here in case anyone is like me. I‚Äôd love any feedback on this, thinking of making similar work in the future!:)",,Moonchildreams,2342,187,2021-11-09T20:51:58,https://reddit.com/r/Meditation/comments/qqczle/i_cant_meditate_without_detailedintricate_visuals/,0.98,Image / Video üé•
za1eb7,üôèüèº üßò‚Äç‚ôÇÔ∏è ‚òÆÔ∏è,,Fine_Put_5553,2341,68,2022-12-01T22:02:34,https://reddit.com/r/Meditation/comments/za1eb7/_/,0.98,Sharing / Insight üí°
3ajxbc,Just a reminder: this is completely normal during meditation :),,Painismyfriend,2333,117,2015-06-20T23:45:22,https://reddit.com/r/Meditation/comments/3ajxbc/just_a_reminder_this_is_completely_normal_during/,0.94,Image / Video
5rhyt7,A succinct comic.,,Daimoth,2332,126,2017-02-01T20:26:05,https://reddit.com/r/Meditation/comments/5rhyt7/a_succinct_comic/,0.93,Image / Video
1os2dnk,I was unhappy with my sex life. I did some meditation. It was very frightening.,"I was very unhappy with myself. I had absolutely no sex life. I would go to night clubs and bars across the world and would fail miserably at ""scoring"". I only had one relationship that lasted for 3 years. I initiated it very awkwardly. My ex was Extremely kind and patient at first. It ended very very badly. I won't discuss that topic further. ‚ÄãFor years I allowed all the negative emotions to fester in me. I would remember the hurtful things my ex said ""too little too late"". I would beat myself over it into misery. I knew if I continued down this path that I would die alone with hardly anyone to remember me. So I decided to sit down and meditate one day and not to get up until I resolve my problems. Not unlike the buddha. It took me hours then it hit me like a wave. I felt relief and I cried. Basically I realized that deep down I am a good and intelligent person. I simply did not believe in my self. I was simply unable to stand up for myself. I allowed people's criticisms even positive heartfelt ones to consume my mind. Upon this realization. I decided to practice being kind to people especially women and expect nothing in return. It felt good. I decided to pick back up the guitar. That felt good. Ignoring people when they say bad things about me. That felt good. Flirting with women. That felt good. For the first time in since i was small child i felt happy! this feeling is also frightening. Like stepping into the unknown. People at work thought I was being crazy or I was high. No for once I am at peace!!! I have clarity. ",MotardMec,2316,115,2025-11-08T22:24:43,https://reddit.com/r/Meditation/comments/1os2dnk/i_was_unhappy_with_my_sex_life_i_did_some/,0.97,Sharing / Insight üí°
23ia16,Watching the Watcher,,BriMcC,2318,34,2014-04-20T14:00:11,https://reddit.com/r/Meditation/comments/23ia16/watching_the_watcher/,0.94,Image / Video
9wftjv,"You only notice how useful meditation is, when you stop meditating daily..","I stopped meditating for a week and I didn't felt calm at all..

Edit. Good morning and I have never had this much karma. Thanks everyone.. ",kii-vi,2309,134,2018-11-12T17:09:10,https://reddit.com/r/Meditation/comments/9wftjv/you_only_notice_how_useful_meditation_is_when_you/,0.94,Sharing/Insight
87kr8m,A chart I made about meditation,,matts41,2307,76,2018-03-27T19:19:57,https://reddit.com/r/Meditation/comments/87kr8m/a_chart_i_made_about_meditation/,0.95,Image / Video
72v8ha,"Watch your thoughts, for they become words. Watch your words, for they become actions. Watch your actions, for they become habits. Watch your habits, for they become character. Watch your character, for it becomes your destiny",-- _Unknown_,boredashellitsinsane,2307,129,2017-09-27T21:51:27,https://reddit.com/r/Meditation/comments/72v8ha/watch_your_thoughts_for_they_become_words_watch/,0.92,Sharing/Insight
l3cxfa,"One of the things that plays on my mind a lot is regret. Meditation has offered me this perspective: regret is a good thing, it's a sign that you're not the person you were when you made those mistakes.",,MardyBum1242,2304,72,2021-01-23T14:23:10,https://reddit.com/r/Meditation/comments/l3cxfa/one_of_the_things_that_plays_on_my_mind_a_lot_is/,0.99,Sharing/Insight
goy9g7,"Meditation feels like opening task manager and clicking ""end task"" on the processes that are eating all the ram and CPU.",,[deleted],2284,93,2020-05-23T04:53:38,https://reddit.com/r/Meditation/comments/goy9g7/meditation_feels_like_opening_task_manager_and/,0.98,Sharing/Insight
7mio93,My dad made me a meditation bench for Christmas!!!,,thirdeyepdx,2269,61,2017-12-27T23:26:23,https://reddit.com/r/Meditation/comments/7mio93/my_dad_made_me_a_meditation_bench_for_christmas/,0.94,Image / Video
aaptd4,Breathe and allow things to pass.,,PGPorta,2264,71,2018-12-29T22:35:29,https://reddit.com/r/Meditation/comments/aaptd4/breathe_and_allow_things_to_pass/,0.96,Sharing/Insight
8875w2,Lol,,aylap,2255,16,2018-03-30T03:37:15,https://reddit.com/r/Meditation/comments/8875w2/lol/,0.96,Image / Video
8o17li,My daily strategy to get through grad school,,XiphiasZ,2254,62,2018-06-02T16:20:57,https://reddit.com/r/Meditation/comments/8o17li/my_daily_strategy_to_get_through_grad_school/,0.95,Image / Video
as88c6,This was nice to see in my feed. Hope everyone is doing good üôè,,SenpaiSpazmoid,2235,60,2019-02-19T08:35:36,https://reddit.com/r/Meditation/comments/as88c6/this_was_nice_to_see_in_my_feed_hope_everyone_is/,0.98,Image / Video
83vqmp,Be aware so as not to get swept away by impermanent things,,LadyToadette,2221,100,2018-03-12T15:22:58,https://reddit.com/r/Meditation/comments/83vqmp/be_aware_so_as_not_to_get_swept_away_by/,0.97,Image / Video
n8haqq,"Tip: The mind will attempt to convince you that in order to be happy you must do something immediately, whether that be think a certain way, fiddle with thoughts, etc. in order to remove anxious and/or depressive feelings. This is a thought in itself. Do not attach. You are right where you belong.",,acid012,2209,68,2021-05-09T17:07:20,https://reddit.com/r/Meditation/comments/n8haqq/tip_the_mind_will_attempt_to_convince_you_that_in/,0.99,Sharing/Insight
6lsiaz,My goal is 365 days per year. I never thought I would get this far.,,youpept,2179,188,2017-07-07T10:13:46,https://reddit.com/r/Meditation/comments/6lsiaz/my_goal_is_365_days_per_year_i_never_thought_i/,0.92,Image / Video
nz6nxw,"Smash mouth All Star keeps playing in my head, even during meditation. How do I stop this?",,Snipsnapboi,2166,276,2021-06-13T22:37:38,https://reddit.com/r/Meditation/comments/nz6nxw/smash_mouth_all_star_keeps_playing_in_my_head/,0.98,Question
o7n3zs,still one of my favorite quotes üèÑ,,3DimenZ,2164,54,2021-06-25T13:53:30,https://reddit.com/r/Meditation/comments/o7n3zs/still_one_of_my_favorite_quotes/,0.99,Image / Video
tfob03,This One Gets It.,,DJATARAXIA,2151,16,2022-03-16T18:11:02,https://reddit.com/r/Meditation/comments/tfob03/this_one_gets_it/,0.99,Image / Video üé•
lfcp1q,When it snows I build a snowman. When it rains I tend my garden. When it's hot I bathe in the sun. When the leaves fall away I contemplate imerpamence and how all needs to die for all to flourish. I smile at all seasons and all seasons smile at me. ‚ò∫Ô∏èüòäüòå,,[deleted],2136,134,2021-02-08T14:17:39,https://reddit.com/r/Meditation/comments/lfcp1q/when_it_snows_i_build_a_snowman_when_it_rains_i/,0.98,Sharing/Insight
gnwj4x,You cannot stop the ripples in a pond. Any attempt at doing so will just make more ripples. The only way to stop them is to be still.,,Super_Flea,2132,105,2020-05-21T14:07:43,https://reddit.com/r/Meditation/comments/gnwj4x/you_cannot_stop_the_ripples_in_a_pond_any_attempt/,0.99,Sharing/Insight
78jard,"Einstein‚Äôs theory of happiness: ‚ÄúA calm and humble life will bring more happiness than the pursuit of success and the constant restlessness that comes with it.""",,Setzer83,2120,76,2017-10-24T23:16:01,https://reddit.com/r/Meditation/comments/78jard/einsteins_theory_of_happiness_a_calm_and_humble/,0.97,Resource
j1ubwn,8 Uncomfortable lessons that we all need to learn,"1. Your self-love must be stronger than your desire to be loved:

If you're not happy now, there's no amount of followers, positive social media comments, or Instagram likes that will change that. External validation isn't happiness - it's a
hamster wheel. Validation is an inside job. The most convincing sign that someone is truly living their ""best life"", is their lack of desire to show the world that they're living their best life.
Your ""best life"" won't seek external validation, but insecurity continually will.

2. You are always responsible for your emotional reactions:

If you get angry and say ""X thing made me angry"", you will get angry often.
If you get angry and say: ""I made myself angry because of X thing"" you will get angry less often.
All of your emotional responses are your
fault and responsibility. Nothing can make you angry. Your thoughts about what
happened made you angry. That's on you. If you realize that, you'll have the power to control it. If you don't, you'll spend your life triggered easily and unhappy often.

3. Don't feed your problems with thoughts, starve them with action:

If you want to feed a problem, keep thinking about it.
If you want to starve a problem, take action.
Most of the harm starts in your mind, with you and your thoughts.
Most of the solutions start with a decision, courage, and action.

4. Life has an algorithm too:

Just like social media has algorithms to give you more of what you're interested in, life has an algorithm that gives you more of what
you're thinking about and focusing on. You can train your algorithm to make you more anxious, worried, or insecure by focusing on negative things.
You can train your algorithm for happiness, success, and growth by focusing on positive things.
Your thoughts become your decisions and then your actions your focus becomes your future.

5. If they're real,
they'll want to see you win:

If you ever feel nervous telling a friend or partner your good news, don't. Get new friends or a ne",BhushanAM,2120,147,2020-09-29T08:06:01,https://reddit.com/r/Meditation/comments/j1ubwn/8_uncomfortable_lessons_that_we_all_need_to_learn/,0.98,Sharing/Insight
tztrdm,A buddhist's concentration - to be fair this is probably every day for him,,violetauto,2110,86,2022-04-09T14:59:34,https://reddit.com/r/Meditation/comments/tztrdm/a_buddhists_concentration_to_be_fair_this_is/,0.99,Image / Video üé•
1ftrrpf,I did 5-6 hours a day of yoga and meditation for 3 years - this is what I learned,"So I had some mental issues and went ahead with yoga and meditation to better them. At this time I started 5-6 hours a day of some of the practices Sadh-guru teaches.

The first thing I have learned is people (including myself) are almost always in a state of unease - meaning their mind has to be constantly occupied, fidgeting with various things all the time. Few people can actually look you in the eyes and just be there with you in that moment. Everyone has a mind that is all over the place with compulsions to do this and that. Here is where my practice drasticly improved this condition for me. The compulsibe need to keep the mind occopied at all times went almost intirely away. Istead I just started paying attention to whatever was there - looking at things without being consumed by them. This also improves productivty by a lot.

Secondly, a sense of abandon and desirelessness has come. I can simply sit with my eyes closed for an hour and just enjoy that without the need to stimulate my brain. There is a whole inner world where one can access very blisful states. You can access this if your body and mind becomes more still and less compulsive. When you are in touch with the inner stilness, it is hard for you to be truly bothered by anything, because at the core of who you are there is always a sense of peace.

Lastly, the sense of inner freedom and joy that has come is priceless. The smallest things like going for a walk in the forest or looking at the sky can bring joy. Nothing fancy thing to fulfill the list of endless desires is really needed anymore. Relations have reduced in numbers, but those that remain are much deeper and more fulfilling.

These are some of the things that have happened. I'm curious to hear your own experiences with meditation and yoga.",Rich_Shock_7206,2100,247,2024-10-01T17:06:14,https://reddit.com/r/Meditation/comments/1ftrrpf/i_did_56_hours_a_day_of_yoga_and_meditation_for_3/,0.98,Sharing / Insight üí°
1iuijrf,Please try this weird meditation thing I discovered,"Found this out one day when trying to meditate. I couldn't stop thoughts from coming into my head (I know this isn't what you're supposed to do lol) so I thought it would be funny to think about EVERYTHING at once (like literally every thought possible simultaneously). 

And when I do, my mind goes completely blank. Like at most just me being aware that I'm not thinking about anything. Maybe this is already a known thing, but it works every time I do it. Does this work for anybody else? Or am I just a quack?

TLDR: When I try to think about everything all at once, I end up with a blank mind. ",O_Sluggard,2093,186,2025-02-21T04:34:01,https://reddit.com/r/Meditation/comments/1iuijrf/please_try_this_weird_meditation_thing_i/,0.98,Question ‚ùì
8ieh89,"I used to ""suck"" at meditating. My mind would wander the entire time or I'd give up halfway through. Now I meditate for close to an hour a day. Here's what's helped me stick to meditation over the last 5 years.","Hi r/meditation. Are any of these you?

""My thoughts won't stop.""

""This is so damn boring.""

""I can't tell if it's working.""

This was me 5 years ago. Around this time, I was a stressed, anxious dude working in a corporate environment, which only made me even more stressed and anxious. I smoked almost everyday, and I worried all the time about inconsequential things (like what people thought of me or times I failed).

Years later, meditation has helped me let go of anxiety, worry less, be more present/confident (among many many other things). It's been so valuable that I've been trying to learn as much as possible so that I can one day teach this stuff to others. 

These are things that have helped me make meditation a regular practice in my life.

--------------------

###1. We are building a muscle

When you do situps, you don't do 50 situps and expect your abs to look good. You don't even do situps for a week and expect them to look good. It's consistent exercise over long periods of time that will get you resuilts.

Meditation is the same, but most people give up as easily as they do with exercise, thinking that meditation ""doesn't work"" for them or that they ""can't do it."" I was the same.

But if you think of meditation like exercise, if you trust in the method, you know that if you put in the discipline, the time and the energy, you will get results. 

The challenge is just sticking to it.

Also like exercise, when you don't see ""results"" for weeks at a time, you can easily get discouraged and want to give up.

That brings us to our next step.


###2. Pick something specific to practice + make it useful

There are tons of meditation techniques out there. Candle meditation, body scans, noting thoughts, counting thoughts, focusing on the breath, etc. 

When I first started, I had so many techniques, I didn't know what to do with them -- So I forgot them all.

When I first learned Japanese, I ""learned"" a ton of phrases. And then when I went to Japan, I ended up ",Tamfail,2095,184,2018-05-10T13:27:18,https://reddit.com/r/Meditation/comments/8ieh89/i_used_to_suck_at_meditating_my_mind_would_wander/,0.97,Sharing/Insight
llspes,"Meditation isn't about how long you can stay present. Its about how often you can bring your attention back to the present, when you notice yourself identifying with the mind.",,Jax_Gatsby,2070,132,2021-02-17T11:46:27,https://reddit.com/r/Meditation/comments/llspes/meditation_isnt_about_how_long_you_can_stay/,0.99,Sharing/Insight
8dcgvt,Saw this in r/funny but thought it might fit here as well.,,ThomasShelbyPB,2068,43,2018-04-19T06:51:51,https://reddit.com/r/Meditation/comments/8dcgvt/saw_this_in_rfunny_but_thought_it_might_fit_here/,0.98,Image / Video
1mym2ri,I started meditating 1 year ago. 500 hours later here is what actually happened,"A year ago, I was at complete rock bottom. Daily panic attacks, couldn't go to school, failed all my exams, severe insomnia where I'd stay awake for days. I was basically a shut-in (hikikomori) just lying in bed watching shows and gaming because I was in too much psychological pain to function. I had nothing left to lose, so I figured I'd try meditation.

**The progression:**

* September 2024: 14 minutes/day average
* Slowly built up to 30min, then 2x30min sessions
* February 2025: Joined a Zen community, averaging 1h 30min daily
* May 2025: Did my first retreat, then spiked to 4-5h daily average
* Current: Stable at 2+ hours daily, over 500 total hours accumulated

**What actually happened (the good):** My mental health is dramatically better. The panic attacks stopped. I can focus and concentrate in ways I never could before. My insomnia largely resolved. I went from barely functioning to planning to retake my high school exams and go to university.

**What actually happened (the unexpected):** This is where it gets weird, and nobody prepared me for this:

1. **I became more raw and honest** \- Not in a ""enlightened truth-teller"" way, but meditation stripped away my psychological defenses. I notice biases and thoughts I never wanted to admit I had. It's uncomfortable but probably necessary.
2. **I see suffering everywhere now** \- I feel deep sadness when I look at people rushing around, stressed, disconnected. Before meditation, I was too wrapped up in my own pain to notice others'. Now I see it clearly and it's overwhelming sometimes.
3. **My plans constantly get ""vaporized""** \- Every time I sit, elaborate future plans just... dissolve. I used to have detailed life strategies. Now I struggle to make long-term plans because they feel so obviously constructed and temporary.
4. **I became obsessed with wealth and power** \- This was the biggest surprise. I thought meditation would make me peaceful and detached from worldly things. Instead, I became laser-focused ",VeilOfReason,2059,484,2025-08-24T05:19:49,https://reddit.com/r/Meditation/comments/1mym2ri/i_started_meditating_1_year_ago_500_hours_later/,0.97,Sharing / Insight üí°
8eu8dv,What life feels like to me,,Balkoth26,1414,42,2018-04-25T16:03:31,https://reddit.com/r/Meditation/comments/8eu8dv/what_life_feels_like_to_me/,0.94,Image / Video üé•
